<?xml version="1.0" encoding="UTF-8"?>
<feature
      id="org.eclipse.xtext.targetplatform35.feature"
      label="Xtext Targetplatform"
      version="1.0.0.qualifier">

   <description url="http://www.example.com/description">
      These plugins and features are required to build/develop Xtext, MWE2 and Xpand.
   </description>

   <copyright url="http://www.example.com/copyright">
      [Enter Copyright Description here.]
   </copyright>

   <license url="http://www.example.com/license">
      [Enter License Description here.]
   </license>

   <requires>
      <import feature="org.eclipse.cdt.sdk" version="6.0.2.201002161416"/>
      <import feature="org.eclipse.emf.compare.sdk" version="1.0.1.v200909161031"/>
      <import feature="org.eclipse.emf.all" version="2.5.0.v200906151043"/>
      <import feature="org.eclipse.gef.sdk" version="3.5.1.v20090724-1146-7G7O2A5WNWaQLaPUaUkgjJfXcQKM"/>
      <import feature="org.eclipse.zest.sdk" version="1.1.1.v20090724-1146-6628CNCSBRDXVPcKmPebkLYNSOSP"/>
      <import feature="org.eclipse.uml2.sdk" version="3.0.1.v200908281330"/>
   </requires>

   <plugin
         id="org.aopalliance"
         download-size="0"
         install-size="0"
         version="1.0.0.v200905130917"
         unpack="false"/>

   <plugin
         id="org.apache.commons.cli"
         download-size="0"
         install-size="0"
         version="1.0.0.v20080604-1500"
         unpack="false"/>

   <plugin
         id="org.apache.commons.cli.source"
         download-size="0"
         install-size="0"
         version="1.0.0.v20080604-1500"
         unpack="false"/>

   <plugin
         id="org.apache.commons.lang"
         download-size="0"
         install-size="0"
         version="2.1.0.v201005080500"
         unpack="false"/>

   <plugin
         id="org.apache.commons.lang.source"
         download-size="0"
         install-size="0"
         version="2.1.0.v201005080500"
         unpack="false"/>

   <plugin
         id="org.easymock"
         download-size="0"
         install-size="0"
         version="2.4.0.v20090202-0900"
         unpack="false"/>

   <plugin
         id="org.easymock.source"
         download-size="0"
         install-size="0"
         version="2.4.0.v20090202-0900"
         unpack="false"/>

   <plugin
         id="org.antlr.runtime"
         download-size="0"
         install-size="0"
         version="3.2.0"
         unpack="false"/>

   <plugin
         id="org.antlr.runtime.source"
         download-size="0"
         install-size="0"
         version="3.2.0"
         unpack="false"/>

   <plugin
         id="com.google.collect"
         download-size="0"
         install-size="0"
         version="1.0.0.v201003051000"
         unpack="false"/>

   <plugin
         id="com.google.collect.source"
         download-size="0"
         install-size="0"
         version="1.0.0.v201003051000"
         unpack="false"/>

   <plugin
         id="com.google.inject"
         download-size="0"
         install-size="0"
         version="2.0.0.v201003051000"
         unpack="false"/>

   <plugin
         id="com.google.inject.source"
         download-size="0"
         install-size="0"
         version="2.0.0.v201003051000"
         unpack="false"/>

   <plugin
         id="org.apache.log4j"
         download-size="0"
         install-size="0"
         version="1.2.15.v200910021404"
         unpack="false"/>

   <plugin
         id="org.apache.commons.logging"
         download-size="0"
         install-size="0"
         version="1.0.4.v200904062259"
         unpack="false"/>

   <plugin
         id="org.apache.commons.logging.source"
         download-size="0"
         install-size="0"
         version="1.0.4.v200904062259"
         unpack="false"/>

</feature>
